<?xml version="1.0" encoding="utf-8" standalone="yes"?>
<rss version="2.0" xmlns:atom="http://www.w3.org/2005/Atom">
  <channel>
    <title>Écrans de sélection on Documentation DolibarrPickup</title>
    <link>/custom/pickup/documentation/public/user/mobileapp/pagetypes/pick/</link>
    <description>Recent content in Écrans de sélection on Documentation DolibarrPickup</description>
    <generator>Hugo -- gohugo.io</generator>
    <language>fr-fr</language><atom:link href="/custom/pickup/documentation/public/user/mobileapp/pagetypes/pick/index.xml" rel="self" type="application/rss+xml" />
  </channel>
</rss>
